companyId;email;birthdate
6;brabbitts0@rambler.ru;08/05/1951
10;nblissitt1@networksolutions.com;20/03/1971
9;tpomfret2@blog.com;24/06/1993
5;blassetter3@stumbleupon.com;18/08/2013
8;flasseter4@illinois.edu;13/07/1943
7;myellowlea5@google.ca;11/03/1994
8;abitchener6@mapquest.com;23/02/1986
8;tfloodgate7@google.it;21/09/1997
8;ksutlieff8@wordpress.com;21/07/1963
7;bdaleman9@rediff.com;13/04/2001
2;nhaggertya@shinystat.com;08/10/1987
5;hwellbelovedb@businessweek.com;22/11/1973
3;kblinermanc@blogtalkradio.com;08/01/2012
10;ladamed@dailymotion.com;08/04/2016
4;hgurwoode@123-reg.co.uk;02/07/2011
4;rmorfellf@dedecms.com;27/10/2011
5;ktruettg@blogger.com;19/04/2002
7;bdownesh@paypal.com;25/09/1952
6;gokinneallyi@sun.com;05/09/1989
2;ppetrenkoj@ca.gov;27/03/1956
9;hnewlandsk@nih.gov;17/10/2000
6;iannelll@dagondesign.com;27/08/1989
8;mcunniffm@bandcamp.com;28/12/1974
10;jdibnern@blogger.com;31/12/1982
4;bcushwortho@example.com;08/08/2003
5;lberthomep@163.com;22/08/1991
3;hdrinkhallq@dell.com;30/10/1969
10;syegorevr@cnbc.com;18/12/1963
6;zgilbrides@pinterest.com;31/07/2000
5;ajonczykt@netlog.com;27/04/1994
3;igauvainu@facebook.com;08/12/1955
6;lpoundfordv@purevolume.com;02/10/1981
6;rbidnallw@state.gov;23/05/1960
4;npeddelx@a8.net;29/05/1945
5;akynmany@ed.gov;11/12/1975
6;aoleshuninz@etsy.com;12/03/2001
5;imoscon10@delicious.com;15/07/1957
10;lebbles11@forbes.com;26/09/1970
3;frotherham12@ihg.com;06/01/1967
7;dtotton13@ifeng.com;08/10/1966
5;cbirdwhistle14@bandcamp.com;27/12/1945
3;ecohan15@forbes.com;10/04/1950
6;irozier16@51.la;18/08/1980
9;jrucklidge17@census.gov;27/05/1979
1;smilsom18@xing.com;25/10/1969
1;nabramchik19@gizmodo.com;25/06/2008
8;bblaschek1a@archive.org;28/04/1961
8;damery1b@4shared.com;15/10/1999
3;mstallard1c@ustream.tv;25/06/2018
5;wdelyth1d@businesswire.com;05/09/1958
10;gflott1e@spotify.com;14/01/1968
5;lrodolphe1f@java.com;14/10/1978
2;ucrichmer1g@typepad.com;25/10/2013
5;rfarley1h@wordpress.org;10/01/2009
7;dswaden1i@upenn.edu;13/02/1981
4;flince1j@state.gov;19/10/2018
2;tmartinek1k@alexa.com;12/04/1956
8;zdurtnel1l@issuu.com;24/02/1988
8;pballantine1m@whitehouse.gov;02/07/2014
4;dmurrey1n@printfriendly.com;06/11/1973
9;mwanden1o@tamu.edu;04/01/2019
7;wchalcot1p@parallels.com;22/01/1969
5;obellanger1q@nyu.edu;29/06/1987
6;hbriars1r@wordpress.com;02/12/1973
10;csidle1s@simplemachines.org;07/08/1998
5;chegley1t@opera.com;29/12/1959
10;btarbard1u@jiathis.com;27/01/1997
3;pbeere1v@creativecommons.org;08/01/2004
5;kperrington1w@nifty.com;13/02/1958
5;pmellers1x@pagesperso-orange.fr;26/07/2016
7;kiban1y@elpais.com;20/04/1957
8;educker1z@themeforest.net;30/06/1987
4;fmcgilben20@ca.gov;26/02/1945
4;vmcneill21@alibaba.com;10/08/2003
6;ekohler22@usa.gov;29/10/1949
3;lbickerstasse23@princeton.edu;17/08/1944
8;swoloschinski24@dedecms.com;09/07/1940
9;bhovee25@cnbc.com;07/03/1968
9;abaynham26@webmd.com;20/09/1957
6;blangford27@wired.com;30/07/1976
7;cinnett28@fda.gov;17/11/1942
2;mleball29@cnet.com;07/08/2019
10;tcauson2a@marriott.com;02/12/1991
1;udahmke2b@adobe.com;15/04/1973
8;sklehn2c@dedecms.com;18/12/1971
10;cbehnen2d@biblegateway.com;28/04/1958
3;jdoul2e@biglobe.ne.jp;18/05/1943
5;nstidever2f@vistaprint.com;21/05/1963
3;cmarch2g@dell.com;07/04/1982
9;fcaswill2h@1688.com;06/04/1954
9;aabrahami2i@cdc.gov;31/03/1976
2;aatwater2j@dedecms.com;30/08/1961
8;jbeernt2k@seattletimes.com;09/01/1945
4;adrysdale2l@addthis.com;14/03/1988
7;lstainer2m@state.gov;25/08/2014
9;sdisbrow2n@yahoo.com;13/05/1972
6;esnookes2o@state.gov;12/03/1966
4;ddemanche2p@booking.com;28/09/1952
4;cflannigan2q@lycos.com;16/08/1975
8;lpachta2r@stumbleupon.com;05/12/2016
8;rgier2s@twitpic.com;26/02/2019
8;gnizet2t@thetimes.co.uk;23/07/1941
9;gzealander2u@mediafire.com;09/12/1996
10;vsatyford2v@flickr.com;25/10/2005
3;nmousley2w@studiopress.com;11/11/1993
7;gcowthard2x@ezinearticles.com;30/11/1958
4;mgreengrass2y@simplemachines.org;17/02/2009
4;dstreets2z@globo.com;04/11/1964
4;ahowbrook30@bandcamp.com;30/09/1986
5;anevill31@cnet.com;28/03/1986
2;eharrap32@ihg.com;10/03/1971
6;dgouda33@printfriendly.com;08/03/1986
5;acrampton34@amazon.de;28/11/2019
9;wlicence35@aol.com;10/02/2009
10;fgrouvel36@moonfruit.com;30/03/1990
1;lgino37@pinterest.com;10/07/1947
6;epelfer38@blogtalkradio.com;01/05/1941
4;ralejandre39@psu.edu;10/06/1962
4;akinglesyd3a@blogtalkradio.com;31/08/1943
7;rhauger3b@friendfeed.com;26/09/1985
8;tchappelow3c@imageshack.us;16/04/1972
10;tfrankcomb3d@e-recht24.de;12/05/1957
6;bhadlee3e@amazonaws.com;13/01/2018
6;mnewis3f@printfriendly.com;07/02/2015
7;rsavoury3g@youtube.com;22/07/1960
7;dwilhelmy3h@un.org;23/07/1987
5;emuscott3i@blogspot.com;16/01/1995
8;pternault3j@qq.com;05/01/2017
2;mclutheram3k@bravesites.com;22/08/1978
10;qlowe3l@ask.com;15/07/1958
10;modaly3m@123-reg.co.uk;08/03/1952
7;kdenis3n@cisco.com;08/04/1981
2;cfulloway3o@smugmug.com;20/01/2013
1;gpaulmann3p@thetimes.co.uk;02/11/1977
3;mkonzel3q@is.gd;22/02/1963
10;cchiene3r@meetup.com;15/03/1971
5;kpryor3s@php.net;04/10/1955
5;fberntsson3t@theguardian.com;20/07/1943
7;mcammoile3u@bloglines.com;07/04/2009
4;skidner3v@shareasale.com;25/09/1953
3;dmcwhinney3w@simplemachines.org;14/11/2019
6;hlatey3x@cisco.com;27/08/1959
2;psmalecombe3y@rediff.com;25/06/1984
8;mscroyton3z@hubpages.com;29/07/2006
4;odabner40@cdc.gov;20/02/1969
10;hslimmon41@deliciousdays.com;24/02/1963
9;itrowel42@abc.net.au;04/04/1946
10;laspey43@tripadvisor.com;16/02/1996
2;cmarfield44@paginegialle.it;04/01/2002
1;gaslett45@usnews.com;01/07/1965
5;tattenborrow46@zdnet.com;04/12/1990
6;akubecka47@jugem.jp;05/11/2016
2;rattoc48@berkeley.edu;13/07/1971
1;lstodart49@arizona.edu;04/02/1941
10;ctomlinson4a@alexa.com;28/10/1987
7;xskully4b@scribd.com;01/08/1973
7;dbottlestone4c@apple.com;16/03/1994
2;opolack4d@google.nl;10/08/1945
1;rmcswan4e@pen.io;06/11/1995
2;mlammerts4f@java.com;26/12/2008
3;granns4g@cbsnews.com;31/03/1969
3;cdoughartie4h@jugem.jp;06/07/1958
10;pbrennans4i@blog.com;26/07/2003
8;rdmitrovic4j@usatoday.com;28/01/2005
2;wkaes4k@sciencedaily.com;13/03/1964
9;otrewinnard4l@fema.gov;22/07/1992
4;rjickles4m@reuters.com;19/10/1944
8;abillson4n@mysql.com;06/12/1962
10;kburchnall4o@e-recht24.de;24/10/1987
6;kjeaves4p@redcross.org;26/04/2005
9;tflips4q@webeden.co.uk;23/07/1974
8;ndring4r@lycos.com;08/08/2011
8;hcurrer4s@cmu.edu;04/06/2019
3;hhawtrey4t@nsw.gov.au;23/10/1988
5;dcutten4u@china.com.cn;10/09/2004
8;hrymer4v@stanford.edu;05/04/1980
9;dmcgirl4w@nih.gov;20/03/2003
7;eferrandez4x@twitpic.com;03/04/1962
7;tvooght4y@baidu.com;28/06/2000
8;mwaplington4z@deviantart.com;02/06/2005
6;glaycock50@nationalgeographic.com;15/04/2002
3;zlebbern51@cargocollective.com;13/10/1994
6;bwerny52@dagondesign.com;19/12/2005
7;dpegrum53@java.com;05/01/1980
2;cbunstone54@prweb.com;26/04/1944
5;tspiteri55@hugedomains.com;26/08/1999
9;hthame56@weather.com;02/09/1975
7;gbucksey57@apache.org;21/04/2010
3;fodreain58@yelp.com;24/08/1980
7;solifaunt59@paginegialle.it;05/10/1993
6;mwickham5a@rakuten.co.jp;17/09/2005
2;cmordue5b@devhub.com;16/11/1945
4;gtobias5c@sohu.com;24/05/1990
1;ggratland5d@boston.com;23/11/1960
8;hliddyard5e@nydailynews.com;03/05/2019
6;mstodit5f@google.com.au;16/09/1992
9;ainglese5g@webs.com;02/09/1942
10;gnegal5h@newsvine.com;05/02/1964
5;bgrinter5i@stanford.edu;21/10/1965
2;eserrels5j@admin.ch;01/07/1960
9;dparramore5k@bloomberg.com;25/11/1977
1;ngainfort5l@bloomberg.com;08/01/1980
10;vtuffrey5m@chicagotribune.com;19/11/1953
6;atickle5n@behance.net;18/05/1997
8;gmival5o@seesaa.net;13/01/1944
7;gtoombes5p@clickbank.net;26/03/1948
2;lrittelmeyer5q@oakley.com;02/10/1996
9;msherrott5r@ifeng.com;16/05/1991
8;sboulding5s@cam.ac.uk;23/04/1953
4;eanlay5t@creativecommons.org;18/12/1971
3;scalam5u@acquirethisname.com;20/12/2000
7;bboylund5v@google.com.br;28/05/1940
9;ttantum5w@independent.co.uk;05/11/1964
1;cmctrustie5x@weibo.com;29/11/1997
8;ldelicate5y@issuu.com;14/09/1996
6;ibullough5z@vistaprint.com;18/01/1989
7;mjolliff60@cafepress.com;09/03/1950
6;pmompesson61@addthis.com;13/06/1997
1;jrossborough62@telegraph.co.uk;07/05/2004
3;beuler63@shutterfly.com;30/01/1976
4;igouch64@microsoft.com;19/05/1959
6;bcurm65@nydailynews.com;21/10/2013
4;cmacghee66@gnu.org;06/11/2015
1;kpauly67@hhs.gov;28/11/1984
8;icarlin68@cdc.gov;18/09/1953
9;bmacgovern69@amazonaws.com;12/09/2009
8;arosthorn6a@so-net.ne.jp;09/10/1978
5;nswaffield6b@amazon.com;05/10/2015
7;cmeak6c@europa.eu;16/08/1970
7;ldarby6d@arstechnica.com;10/08/2014
5;rkirkby6e@facebook.com;08/07/1961
5;kgallego6f@behance.net;02/09/2003
2;lricciardelli6g@posterous.com;05/06/1997
8;gocannavan6h@squidoo.com;01/01/2019
8;cmckiddin6i@google.com.au;10/12/1944
7;predrup6j@hao123.com;19/03/1946
9;rmcilrath6k@discovery.com;24/02/1957
5;jnilles6l@admin.ch;24/01/1996
7;btumilty6m@sourceforge.net;17/01/1947
6;gjadczak6n@gov.uk;20/04/2017
8;jwillas6o@histats.com;10/05/1953
2;mfallens6p@bing.com;24/10/1945
10;bguppie6q@nymag.com;17/11/1955
3;hcubuzzi6r@unicef.org;18/09/1941
8;jdenne6s@sourceforge.net;19/08/2018
9;badderley6t@nydailynews.com;22/04/1975
6;jreddoch6u@devhub.com;08/07/2006
1;jfranzini6v@msu.edu;12/03/1992
10;ohaburne6w@parallels.com;18/12/1972
1;mmayne6x@intel.com;28/06/1945
10;ncasier6y@state.tx.us;19/04/1993
1;fdrever6z@nationalgeographic.com;07/07/2008
4;rmcnicol70@webnode.com;15/04/1988
1;claingmaid71@plala.or.jp;17/06/1965
3;ckinneally72@ebay.co.uk;30/09/1981
10;sladlow73@nhs.uk;28/07/1952
7;jhartzogs74@arizona.edu;29/09/1965
4;mkuhlen75@fc2.com;11/07/2016
9;sbuckney76@biblegateway.com;07/07/1993
6;jwait77@omniture.com;27/12/1960
2;ddimaggio78@oracle.com;05/03/1967
7;ejenicek79@wikimedia.org;16/08/2011
5;lcozzi7a@seesaa.net;14/10/1989
3;mparham7b@4shared.com;27/12/1963
10;tspight7c@hc360.com;21/01/1978
7;rskitt7d@clickbank.net;08/11/2013
6;mcoghlin7e@tamu.edu;23/01/1979
6;bnorquoy7f@uiuc.edu;10/08/1975
2;cfernier7g@state.tx.us;17/11/1941
9;smaneylaws7h@wikipedia.org;05/08/1971
3;hpratchett7i@scribd.com;23/06/2012
7;smacconneely7j@ibm.com;26/03/1961
5;gdepka7k@squidoo.com;16/08/2012
7;rbedow7l@liveinternet.ru;25/02/1986
1;nhabbershon7m@tamu.edu;24/08/2008
3;gcommusso7n@people.com.cn;01/09/2001
2;lkollaschek7o@nydailynews.com;05/12/1940
6;lstonbridge7p@google.com.br;20/08/1983
4;eallicock7q@bloglovin.com;17/12/1967
6;akeig7r@macromedia.com;12/07/1990
7;etottem7s@ycombinator.com;20/05/1970
8;skleinplac7t@linkedin.com;04/07/1948
4;glaroux7u@weibo.com;03/12/1994
4;csisey7v@miibeian.gov.cn;03/10/2000
3;glavall7w@blog.com;12/03/1962
1;bpresser7x@reuters.com;10/02/1976
4;aoldale7y@reuters.com;09/11/1945
2;mreddick7z@newsvine.com;27/11/1947
5;balmond80@army.mil;10/06/1974
6;kjurewicz81@whitehouse.gov;07/05/1999
2;vgoble82@webs.com;28/12/1961
6;dfranke83@miibeian.gov.cn;08/11/1958
8;scable84@google.com;13/12/1998
5;blechmere85@ibm.com;30/03/1999
7;jvines86@japanpost.jp;10/12/2019
1;ddabell87@home.pl;14/07/1957
4;mvanyushkin88@psu.edu;16/10/2011
6;cmcmeeking89@wisc.edu;06/07/1957
10;garendt8a@odnoklassniki.ru;24/04/1975
3;aaleswell8b@addthis.com;04/09/2010
4;milyinykh8c@tamu.edu;26/05/1959
4;ndancy8d@symantec.com;08/08/1972
6;svasyutin8e@loc.gov;01/05/1980
8;acassel8f@icio.us;13/09/1965
2;kbettesworth8g@soundcloud.com;24/10/1967
4;qabelson8h@pinterest.com;06/08/2004
3;rwalicki8i@vk.com;13/11/1941
2;pbrede8j@msn.com;20/03/1947
4;cfinnick8k@elegantthemes.com;28/12/2003
7;rtudor8l@networkadvertising.org;03/01/2001
3;rleyden8m@unblog.fr;13/09/1991
2;dliptrod8n@delicious.com;01/04/1960
10;lmucci8o@simplemachines.org;04/12/2011
5;aramsier8p@slate.com;26/01/1956
4;srogan8q@fotki.com;17/10/1967
4;lharower8r@1und1.de;26/10/1981
6;cdadswell8s@ibm.com;31/12/2000
5;dbroxis8t@admin.ch;28/05/2013
3;nfevers8u@cdbaby.com;28/05/2007
4;cdoumerc8v@japanpost.jp;25/12/1947
1;hkunath8w@flickr.com;16/10/2002
7;msteart8x@mapquest.com;28/02/1976
2;lbratley8y@woothemes.com;22/11/2005
3;acoffin8z@nifty.com;14/09/2007
7;mdoughartie90@engadget.com;14/07/2012
10;jshadfourth91@whitehouse.gov;05/06/1992
6;smurden92@cisco.com;13/09/1965
4;gabson93@mozilla.com;01/07/2011
9;dshort94@sourceforge.net;09/03/2003
10;pjude95@jiathis.com;03/07/1988
2;dsuston96@canalblog.com;02/04/1948
9;nerrichi97@ow.ly;31/01/1943
8;mlairdcraig98@soundcloud.com;15/11/1947
7;hsouthern99@newyorker.com;07/03/1982
1;cmaguire9a@zimbio.com;04/11/1971
1;mnestor9b@businessinsider.com;19/10/1963
7;mvye9c@acquirethisname.com;13/02/1974
6;mbonnet9d@nih.gov;26/08/1987
3;strow9e@people.com.cn;12/06/1944
9;jsacker9f@nymag.com;05/04/1963
6;tbaudesson9g@auda.org.au;01/07/1964
4;hiacovaccio9h@businessweek.com;29/05/1961
10;ctribble9i@pagesperso-orange.fr;22/11/1969
10;rmoult9j@cmu.edu;11/11/1961
5;dbrunelli9k@infoseek.co.jp;11/08/1951
7;sbaldinotti9l@sourceforge.net;08/05/1955
5;gfreeburn9m@patch.com;11/03/1981
4;ldeangelo9n@census.gov;19/03/1954
7;pmccullagh9o@mlb.com;21/05/1948
5;ahorsefield9p@craigslist.org;31/08/2003
9;abreffit9q@gov.uk;05/11/1969
9;mmcmanaman9r@soundcloud.com;10/04/1957
2;lgiovannacci9s@prnewswire.com;08/01/1943
3;kaltofts9t@cdbaby.com;28/04/1950
6;ltomasz9u@dailymotion.com;12/02/1979
8;whumber9v@ocn.ne.jp;05/09/1944
2;lhonywill9w@psu.edu;16/04/1952
7;slocal9x@altervista.org;13/04/1998
9;dmcging9y@ocn.ne.jp;15/08/1978
4;agethen9z@jalbum.net;16/02/1981
7;lemblowa0@usnews.com;29/01/1960
7;wboiga1@qq.com;22/04/1983
5;tcooppera2@businessinsider.com;20/08/2014
4;dsealea3@salon.com;30/07/2006
2;bwilbora4@angelfire.com;01/01/2001
2;gupfolda5@list-manage.com;28/02/1954
5;btorticea6@wikispaces.com;26/12/2019
5;tsalthousea7@webnode.com;03/09/1955
4;jmateusa8@psu.edu;18/09/1954
9;dgoranova9@hostgator.com;27/02/2019
3;pebunoluwaaa@angelfire.com;24/05/1994
4;atruranab@yahoo.com;07/09/1967
1;gmicklewrightac@digg.com;26/11/1971
6;obirkinshawad@soundcloud.com;31/07/1965
1;ttinnerae@ucsd.edu;28/07/1967
10;jstuddardaf@time.com;24/10/1940
10;nlepiscopioag@cdbaby.com;29/03/1959
4;kkelnerah@aol.com;06/07/2001
9;ldouldenai@nba.com;10/08/1955
6;mdenajeraaj@surveymonkey.com;08/07/1982
4;cketchak@google.pl;11/10/1941
5;lmccolmal@tripod.com;10/07/1946
3;htregustam@nhs.uk;28/04/1961
10;crosenbushan@loc.gov;03/10/1970
2;scastellanao@dot.gov;18/08/1998
8;jmustonap@tuttocitta.it;08/10/1981
3;cloxlyaq@clickbank.net;20/01/1969
5;afroschar@uiuc.edu;25/03/1970
5;wrollsas@techcrunch.com;01/05/1958
6;dparlettat@who.int;06/03/1983
6;jcoyshau@wunderground.com;03/09/2000
2;bpaolettiav@squarespace.com;05/10/2002
5;dklinckaw@pinterest.com;12/06/2009
7;acornejoax@163.com;27/01/1990
1;drucklidgeay@sohu.com;28/12/2003
10;cbowieaz@posterous.com;23/03/1966
7;ttumiotob0@sciencedaily.com;09/04/2007
4;hcannellb1@php.net;05/05/2016
2;sscuphamb2@issuu.com;18/03/2019
10;awimmersb3@hostgator.com;28/09/2013
4;laldhouseb4@elpais.com;26/02/1955
9;jpaiceb5@ibm.com;19/06/1999
5;mgarhamb6@state.gov;14/07/2000
2;lmcileenb7@smh.com.au;06/07/2010
6;bvanderhovenb8@geocities.jp;06/12/1947
4;eridgeb9@t-online.de;08/10/1968
2;abertheba@vkontakte.ru;11/11/1993
6;satcherleybb@ovh.net;06/11/1967
7;cconstancebc@360.cn;10/03/1942
10;sallderidgebd@ted.com;17/03/2015
6;timlinbe@yahoo.co.jp;02/02/2005
1;cmcguiganbf@dmoz.org;16/04/1997
1;wprodrickbg@globo.com;01/06/1977
7;hchitterbh@answers.com;20/10/1956
5;ldeansbi@canalblog.com;15/05/1975
2;natchesonbj@google.com.hk;20/01/1974
8;cvereybk@engadget.com;06/07/1983
1;skarolczykbl@smh.com.au;31/07/1953
3;slarganbm@pbs.org;16/11/2019
8;acejkabn@51.la;28/06/1973
2;gpaddlebo@google.com.br;20/12/2003
5;svalentellibp@symantec.com;27/10/1952
4;dgwilymbq@t.co;25/10/2008
4;osandlinbr@intel.com;06/11/1977
2;mtowardbs@about.me;27/02/2005
9;vfomichkinbt@google.co.jp;24/08/1990
3;pmaffiottibu@cloudflare.com;25/06/2006
8;egurnaybv@unesco.org;19/06/2003
6;bmccaughranbw@reference.com;16/06/1958
3;dskoofbx@wikia.com;03/10/1944
6;rshellsheereby@unc.edu;27/11/1951
9;sdytonbz@spotify.com;30/07/1946
9;ccasbournec0@fda.gov;16/07/1990
3;ianthonac1@yandex.ru;19/05/1964
6;clawdayc2@biblegateway.com;27/01/1946
7;sbockmasterc3@bing.com;18/01/1972
3;ahoffc4@tamu.edu;11/10/1943
1;fflagc5@miibeian.gov.cn;05/12/1945
4;kkeppelc6@dedecms.com;28/04/1993
4;egillmanc7@cargocollective.com;29/07/1944
8;dwinwoodc8@tripadvisor.com;18/09/1942
7;mgiovannellic9@marketwatch.com;06/09/1968
4;fantonignettica@de.vu;01/10/1970
9;ccopsoncb@oakley.com;18/08/1949
4;jtomblesoncc@shinystat.com;05/05/2018
8;gquakleycd@discovery.com;21/07/1962
9;bsharphurstce@hp.com;06/11/1949
7;glawerencecf@weather.com;17/10/1963
1;hlanoncg@mapquest.com;10/09/2003
6;croakech@ft.com;17/03/1987
3;vwinmillci@smh.com.au;13/06/1993
8;oellicottcj@examiner.com;05/02/1940
1;imanifoldck@netvibes.com;19/03/1988
8;mportamcl@home.pl;05/02/1947
10;jgimertcm@newsvine.com;02/05/1995
4;cblitzcn@dailymail.co.uk;12/04/1970
4;uswithenbyco@statcounter.com;12/06/1983
10;gpartnercp@cbc.ca;26/09/1974
2;pbenitezcq@w3.org;02/06/1976
1;abarnetcr@ft.com;19/10/1976
6;mcrouchcs@livejournal.com;08/06/1973
9;calldenct@nasa.gov;19/02/2001
7;dritchardcu@icio.us;20/01/1970
7;dishamcv@utexas.edu;16/04/1969
3;ojakolevitchcw@geocities.com;16/10/1973
8;ctalmadgecx@drupal.org;26/02/1945
8;egwatkinscy@discuz.net;18/03/2014
10;rspinkcz@blogtalkradio.com;15/11/1997
3;jbaythropd0@sogou.com;19/12/1940
10;kminogued1@alexa.com;13/03/2005
5;jessamed2@printfriendly.com;21/12/2014
1;mpasleyd3@theglobeandmail.com;19/03/2014
6;gkestevend4@zdnet.com;10/03/1942
7;bgabbitisd5@europa.eu;26/04/1979
5;lkenelind6@vimeo.com;28/06/1985
5;ggraysmarkd7@toplist.cz;31/05/1985
1;mmaghulld8@webnode.com;22/04/1978
10;doddboyd9@nytimes.com;06/06/1955
1;tpalekda@dailymotion.com;27/03/2005
2;wramsaydb@ning.com;31/05/1984
1;hsimeonedc@guardian.co.uk;14/10/1964
7;eyacobsohndd@nih.gov;12/08/1976
6;hmontgomeryde@bbb.org;09/07/2018
2;apenhaligondf@joomla.org;17/04/1963
1;whyronsdg@goodreads.com;11/01/1955
4;cbaskervilledh@china.com.cn;04/09/1947
7;rpellmandi@hhs.gov;10/08/1986
2;cemmanueldj@nyu.edu;22/10/1966
8;lstrussdk@google.com.br;19/03/1965
9;nworsallsdl@zdnet.com;22/04/2015
4;gcoppockdm@jigsy.com;19/10/1986
3;lpiserdn@spiegel.de;31/07/1995
1;mhusbanddo@dot.gov;16/09/1978
9;rdefilippodp@e-recht24.de;02/12/1959
7;etomaskovdq@europa.eu;27/10/1991
2;kkiljandr@skyrock.com;07/01/1990
10;messelends@java.com;04/01/2005
10;rhinzerdt@samsung.com;14/07/1985
8;aronchidu@furl.net;14/07/2006
9;rcornudv@ask.com;07/10/1998
10;cchallenerdw@artisteer.com;05/03/2005
8;llowndesdx@weibo.com;18/05/1987
7;ttrowlerdy@blogtalkradio.com;13/05/2006
3;tshevelindz@vinaora.com;02/11/1979
3;nbayleye0@senate.gov;03/04/1968
10;rsibyllinae1@networkadvertising.org;28/03/1949
10;ibaughame2@mysql.com;31/03/1981
3;nseacrofte3@chronoengine.com;27/02/1952
6;casliee4@prweb.com;26/05/1985
8;rdooree5@blogtalkradio.com;22/10/1982
9;fradouxe6@about.me;07/06/1984
3;fbarnse7@unesco.org;07/05/1989
1;loliveye8@arizona.edu;26/05/1985
2;erickise9@prnewswire.com;13/10/1953
9;nfairsea@hhs.gov;16/06/1992
9;wrobelineb@ucoz.ru;14/01/1980
2;nleaseec@unesco.org;29/09/1999
5;paizlewooded@nymag.com;09/10/2002
2;jgolleyee@weebly.com;22/02/1944
9;fchastanetef@springer.com;26/05/1990
2;rmaciaeg@shop-pro.jp;04/03/1941
7;gcrownshaweh@photobucket.com;03/09/1956
2;dbanfordei@blogspot.com;20/08/2006
3;aliftonej@fastcompany.com;27/09/2009
6;isherburnek@usda.gov;24/06/2003
4;skeransel@opensource.org;06/02/2018
2;asandalem@yolasite.com;17/03/1984
3;wdegouyen@imdb.com;16/10/1999
5;zvedishcheveo@huffingtonpost.com;19/09/1986
4;sbalchinep@unblog.fr;19/07/2015
10;jsteggalseq@craigslist.org;12/08/1940
4;cprestwicher@sohu.com;14/02/1963
8;ngarfites@alexa.com;30/01/1942
9;dpiesinget@bravesites.com;30/08/2008
5;nebbingeu@pagesperso-orange.fr;12/08/2002
5;cgoutev@va.gov;10/09/1986
6;gfulmenew@free.fr;01/08/1953
8;hokieltex@nhs.uk;13/03/1958
4;abrookesey@umn.edu;08/08/1994
5;drowesez@cdbaby.com;27/02/1978
3;jlafoyf0@trellian.com;27/03/1981
10;mpindredf1@chron.com;18/11/1964
10;gbabef2@archive.org;17/05/1947
10;ledlestonf3@weebly.com;13/07/1999
6;sgreensidef4@oaic.gov.au;20/02/1940
2;jpilpovicf5@prnewswire.com;08/12/1969
6;jbolusf6@reverbnation.com;10/04/1981
9;cjuzekf7@multiply.com;21/10/2007
5;cboudaf8@paypal.com;01/08/1985
3;cdikf9@com.com;22/09/2006
10;mantoneyfa@abc.net.au;07/01/1957
9;akedwardfb@shinystat.com;30/05/1966
5;ncrumbyfc@reddit.com;16/11/1951
3;vjeanessonfd@nih.gov;17/08/1992
6;alosekefe@nifty.com;19/06/1964
1;kkillwickff@slideshare.net;17/08/2004
10;rmaliphantfg@businessweek.com;13/01/2016
1;atixierfh@furl.net;03/10/1944
4;tbimsfi@ask.com;21/12/1946
2;lbettisfj@scribd.com;14/05/1970
6;kmilsteadfk@nsw.gov.au;09/08/1992
6;gdarcofl@123-reg.co.uk;04/09/1951
8;nadnetfm@fda.gov;16/05/2020
7;rtettfn@dyndns.org;23/04/1964
6;bconroyfo@nytimes.com;15/09/1955
5;wfeelyfp@twitter.com;24/08/1948
2;sdaffernfq@topsy.com;30/04/2019
10;mbuddlefr@google.ca;19/01/2005
8;ebeadefs@usnews.com;27/07/1964
6;kdentonft@usda.gov;31/03/1961
6;rdurantefu@php.net;18/10/1945
4;jglassfordfv@tripod.com;20/10/1947
1;gwoollinfw@tripadvisor.com;08/02/1948
1;cforstfx@dion.ne.jp;10/11/1971
4;dmalatalantfy@cafepress.com;22/12/2008
9;vtrumpeterfz@rambler.ru;04/11/1947
4;klougheedg0@nyu.edu;21/05/1994
10;egillingwaterg1@businesswire.com;24/04/2003
2;pwhaleg2@arstechnica.com;27/04/1941
6;shulling3@house.gov;22/03/1943
9;cfeakg4@businessinsider.com;14/09/1987
6;mdolbyg5@sina.com.cn;28/03/2013
10;gchaplyng6@is.gd;24/10/2011
2;cfantig7@multiply.com;26/02/1953
2;lmccluneg8@google.com.au;14/04/1991
9;ssauveng9@clickbank.net;12/12/2018
9;dbiesterfeldga@usnews.com;12/05/1969
1;mglendinninggb@businessinsider.com;05/10/1947
7;rgregorettigc@google.de;28/11/1980
5;rbeauchopgd@google.com.hk;17/02/1952
9;tclaibournge@bbc.co.uk;22/02/1956
8;gstivensgf@ucla.edu;22/12/1967
10;ccoyshgg@storify.com;14/03/1991
7;gpielegh@upenn.edu;10/11/1943
8;kpittgi@reddit.com;06/03/1991
10;rlembkegj@over-blog.com;11/02/2007
6;jpovallgk@yolasite.com;27/04/1998
9;pkinghorngl@samsung.com;07/04/2004
7;bwildmangm@fastcompany.com;30/08/1945
4;bcatfordgn@cdbaby.com;23/11/1965
8;cglostergo@vinaora.com;30/10/1956
3;rclimogp@slate.com;14/08/1989
7;lseatongq@nhs.uk;02/02/1942
3;oheselwoodgr@whitehouse.gov;30/10/1984
5;speschetgs@wsj.com;07/12/1942
7;mmapsgt@google.fr;20/06/2006
3;rdentithgu@wikipedia.org;14/10/1945
4;bharggv@ucla.edu;09/09/2019
2;adixceygw@sciencedaily.com;05/09/2003
4;esummersidegx@cam.ac.uk;12/07/1975
10;npalombigy@blog.com;15/07/1958
3;egilmartingz@netscape.com;18/10/1941
5;abalaamh0@joomla.org;17/05/1951
6;erigbyh1@samsung.com;03/10/2010
3;drowlerh2@cloudflare.com;03/01/1960
3;jsigfridh3@cam.ac.uk;24/03/1996
2;tfilippih4@chronoengine.com;20/09/1940
1;npunchh5@ustream.tv;06/11/1983
9;lnotoh6@ebay.co.uk;17/02/1942
3;htrapph7@360.cn;03/12/1942
4;jsurcombeh8@yahoo.com;26/12/1995
8;vslefordh9@surveymonkey.com;09/03/1981
4;lkenwortheyha@spotify.com;03/08/1967
2;cklimschhb@ucsd.edu;03/10/1984
5;nseifenmacherhc@cam.ac.uk;12/07/1963
3;oaldrinhd@tinyurl.com;15/03/1968
6;dteressehe@theatlantic.com;09/10/2010
7;cskethhf@vk.com;23/12/1969
1;pcollingshg@wunderground.com;18/10/1982
3;fmcminnhh@usa.gov;09/09/1973
10;pcottinghamhi@boston.com;20/01/2002
10;rrutherforthhj@multiply.com;19/01/1976
10;rgeraudelhk@virginia.edu;05/09/1966
7;wcambridgehl@nih.gov;01/01/1994
2;kthorleyhm@photobucket.com;09/01/2002
10;bmacdwyerhn@gmpg.org;18/02/1955
7;imcnickleho@drupal.org;28/05/1955
3;astringfellowhp@topsy.com;17/11/1977
4;jfallowhq@yahoo.co.jp;22/02/1948
5;rboxehr@chicagotribune.com;16/07/2009
5;lcogmanhs@umich.edu;06/09/1984
1;sbignellht@aol.com;09/06/2009
3;afrancesconihu@bing.com;27/02/1963
5;oattenbrowhv@ycombinator.com;08/01/2011
7;sbestallhw@opensource.org;22/09/1956
1;relsayhx@constantcontact.com;07/08/1958
2;rsmithieshy@wordpress.org;25/11/2009
4;mcowelyhz@ustream.tv;28/06/1949
3;mreevesi0@goo.ne.jp;27/11/1950
5;tdrueryi1@ocn.ne.jp;02/08/2011
2;kmoralesi2@icq.com;14/12/2015
7;chazelli3@chicagotribune.com;11/01/1991
6;jslocumbi4@list-manage.com;23/08/2008
6;rcrossgrovei5@tamu.edu;16/02/1969
5;cwooleni6@aboutads.info;25/07/2003
5;bburkhilli7@a8.net;03/09/2006
5;jnindi8@slideshare.net;13/11/2010
2;mdahilli9@amazonaws.com;26/06/2016
10;twogdonia@vimeo.com;09/04/1949
3;ksiddaleyib@elegantthemes.com;22/01/2018
5;jsainsburybrownic@earthlink.net;26/06/1987
1;ctomaszid@booking.com;10/09/2008
6;boduaneie@sciencedirect.com;12/10/1979
1;vgreenstockif@spotify.com;03/09/2006
2;rkinglakeig@virginia.edu;17/03/1972
9;lhornungih@theguardian.com;30/04/1954
8;nmackibbonii@dedecms.com;18/03/1973
5;vdodshonij@abc.net.au;02/12/2010
4;hkingstonik@so-net.ne.jp;21/04/1964
5;rmottramil@miitbeian.gov.cn;11/02/2004
6;sthurlbornim@etsy.com;09/08/1951
8;cvanderhoogin@tamu.edu;09/06/1946
4;kyurmanovevio@wired.com;15/07/1941
8;pdiscombeip@instagram.com;28/02/1979
5;ssanteriq@nbcnews.com;17/07/1969
3;wjuszkiewiczir@state.tx.us;26/01/1985
9;vchopyis@histats.com;04/03/1977
10;ekindleyit@google.fr;18/07/2001
7;mfergusoniu@nbcnews.com;16/11/1979
1;bskillettiv@nhs.uk;19/06/1988
2;sguiteliw@craigslist.org;24/08/1990
5;dnellenix@imdb.com;04/02/1951
5;bhaslehurstiy@cyberchimps.com;22/07/1955
4;ldowyeriz@patch.com;12/10/1998
5;rwattinhamj0@paypal.com;22/01/1969
10;ckarlej1@com.com;19/03/1946
1;hpriddiej2@seesaa.net;26/12/1978
4;syarkerj3@ycombinator.com;04/12/1948
10;mboerderj4@dagondesign.com;07/03/1997
4;evalentej5@4shared.com;24/11/1982
6;bgemmellj6@youtu.be;09/03/1975
7;mockleshawj7@cnbc.com;08/04/1960
5;bgianielloj8@seattletimes.com;08/05/1997
6;sdigancej9@illinois.edu;02/10/2010
2;diacobettoja@army.mil;26/07/1995
9;bchavezjb@slideshare.net;03/03/1992
10;dsimeonijc@mysql.com;16/12/1981
2;cmillthorpejd@quantcast.com;10/04/2006
3;oohanlonje@biglobe.ne.jp;13/08/1977
9;wscutchinjf@google.es;11/03/1969
7;sbernardotjg@nhs.uk;03/10/1977
8;tyettsjh@psu.edu;21/04/1959
5;jwhiffenji@ocn.ne.jp;13/08/1987
7;gstraceyjj@icq.com;21/03/1962
5;ewhelpdalejk@dot.gov;30/07/2011
2;dapplinjl@narod.ru;14/12/1947
9;erichfieldjm@hugedomains.com;21/07/2004
10;sthuillierjn@auda.org.au;29/09/1965
10;dortasjo@businessinsider.com;23/06/1954
8;vwardhawjp@nytimes.com;03/08/1994
9;jruprechterjq@samsung.com;21/08/1952
3;mcoshamjr@4shared.com;14/04/1957
10;mpalkejs@xinhuanet.com;05/03/2008
2;bstoodleyjt@state.gov;20/01/2012
4;dfairburneju@geocities.jp;31/07/2016
7;glinnardjv@facebook.com;17/01/1970
10;ekyberdjw@yellowpages.com;06/06/2010
4;onortheyjx@ezinearticles.com;05/11/1965
2;amonrojy@tinypic.com;16/12/1978
6;srawlinjz@twitpic.com;22/03/2005
9;fsafhillk0@yellowpages.com;29/06/1991
3;hjoutapaviciusk1@youtube.com;05/10/1965
2;hpolonk2@rakuten.co.jp;16/05/1998
2;twindrossk3@salon.com;15/11/1997
10;ltibaldk4@samsung.com;30/10/1989
1;ggabbetisk5@posterous.com;15/04/1964
6;mkilnk6@live.com;20/07/1941
8;lcowpek7@berkeley.edu;05/01/1978
9;jroank8@washington.edu;26/09/1966
8;rhellwigk9@printfriendly.com;25/10/2014
1;jspittleska@google.pl;18/09/1971
10;wsandcroftkb@mapquest.com;27/02/1940
8;rhenrickc@jiathis.com;23/08/1994
3;jnoorkd@narod.ru;23/03/2012
3;jspatarike@accuweather.com;22/11/1972
10;ibullaskf@jalbum.net;24/03/1940
5;rbelfieldkg@prweb.com;13/07/2013
10;zsmissenkh@wunderground.com;28/07/1984
2;dcastletineki@multiply.com;02/02/1986
2;bosheakj@cbsnews.com;10/07/1997
5;mmorelandkk@tumblr.com;19/10/1949
10;tmcallasterkl@freewebs.com;31/08/2008
5;mberrkm@abc.net.au;05/02/2019
6;vugokn@java.com;22/02/2017
10;bdawidowiczko@photobucket.com;12/08/2014
6;dprottkp@mozilla.org;03/03/1945
2;lbondkq@moonfruit.com;28/09/1961
8;sstowkr@sakura.ne.jp;08/06/1991
1;styrieks@microsoft.com;13/06/1944
1;bghirardikt@blogspot.com;29/04/1987
7;jmuncasterku@msu.edu;23/11/1995
8;khanhardkv@privacy.gov.au;03/04/1975
9;zmarsaykw@liveinternet.ru;07/10/1964
1;scastanekx@yandex.ru;23/12/1955
8;ibosseky@meetup.com;11/01/1976
1;drubartellikz@businesswire.com;13/04/1946
8;jdowthwaitel0@java.com;12/03/1968
5;oreefl1@networksolutions.com;01/03/1956
3;nbrayleyl2@webs.com;13/01/1966
4;ggentreaul3@printfriendly.com;03/11/2011
3;rsphinxel4@printfriendly.com;08/04/2019
5;mmcginneyl5@usda.gov;18/11/1948
6;alinacrel6@army.mil;11/02/1954
6;sguillouxl7@domainmarket.com;26/06/1975
4;gantonl8@tiny.cc;28/02/1997
8;lgeroldil9@bizjournals.com;25/04/2018
4;gprintla@bing.com;11/02/1957
7;ljutsonlb@bbc.co.uk;21/07/1981
10;jreignoldslc@spiegel.de;16/09/1993
4;aebbinsld@noaa.gov;26/05/1943
4;tstqueninle@ustream.tv;15/02/2017
8;kbenhamlf@networksolutions.com;09/11/1967
6;pcawsylg@eepurl.com;17/05/2018
1;folivolh@histats.com;08/01/1982
9;gkytleyli@seattletimes.com;11/11/2011
8;cfuidgelj@accuweather.com;27/04/1955
3;mpashelk@php.net;11/07/1972
4;ebowfinll@harvard.edu;10/06/1995
10;uvernilm@google.fr;04/03/1963
5;mtowheyln@creativecommons.org;20/04/1981
4;mlandsberglo@wisc.edu;07/09/1969
3;jkelwaylp@senate.gov;28/02/1999
5;mhuishlq@latimes.com;07/10/1998
1;fsarchwelllr@vkontakte.ru;24/03/1968
1;lhedworthls@printfriendly.com;02/09/2009
8;fjociclt@google.com.hk;05/11/1992
1;mmorrislu@ft.com;02/04/1975
8;couletlv@weather.com;25/02/2004
1;dhuntlw@unesco.org;16/03/1946
9;flocarnolx@virginia.edu;13/04/1965
5;gevreuxly@paginegialle.it;13/03/1959
8;jbenettinilz@apple.com;10/04/1946
5;gcolcuttm0@freewebs.com;04/08/1953
4;aevisonm1@boston.com;07/12/2011
5;hblumerm2@over-blog.com;12/10/1973
10;bchaffem3@yolasite.com;06/12/1987
7;ssalsbergm4@nasa.gov;03/05/1990
3;mmchirriem5@privacy.gov.au;25/12/1952
5;wwoollacottm6@dmoz.org;19/09/1941
7;bibelm7@flavors.me;08/11/1962
10;dkorpalm8@archive.org;06/06/2017
6;mbattm9@sitemeter.com;14/09/1990
3;gmcguggyma@flavors.me;13/03/2011
2;gfishburnmb@dagondesign.com;12/01/1994
7;acoldtartmc@linkedin.com;16/04/2013
9;spolmd@elegantthemes.com;10/05/1984
4;wadolfsonme@tinypic.com;15/04/1991
10;fbuckinghammf@statcounter.com;27/02/1966
4;lbelfeltmg@g.co;30/03/1977
4;pglowachamh@hp.com;09/08/1956
8;bsinniemi@woothemes.com;14/08/1972
2;gfranzelmj@chicagotribune.com;09/09/1998
4;tmaciejamk@nba.com;18/07/2014
8;swilkinml@opensource.org;04/12/2016
4;dgrinyovmm@china.com.cn;05/04/2016
6;jkinnonmn@opensource.org;29/12/1969
7;mpillmo@google.ru;02/02/1999
9;ebanistermp@deliciousdays.com;18/06/1963
4;msaltersmq@va.gov;15/04/1983
9;matgermr@domainmarket.com;29/11/1998
1;goxborrowms@engadget.com;23/10/1980
9;edrachemt@list-manage.com;03/05/1944
4;kmunroemu@tiny.cc;03/02/1969
8;mholywellmv@creativecommons.org;25/01/1971
10;ddrustmw@reverbnation.com;04/05/1959
1;fwincklesmx@constantcontact.com;09/09/2015
3;ofuentemy@ibm.com;02/09/2007
7;hjorckemz@wordpress.com;09/09/1988
4;tavesquen0@tinyurl.com;13/10/2016
9;rbaldazzin1@irs.gov;17/08/1969
9;ygilcriestn2@mapquest.com;15/09/2011
4;cgoricken3@yahoo.com;08/10/1988
1;cnoahn4@360.cn;21/08/1998
3;ashetliffn5@google.co.jp;01/01/2013
2;adewittn6@vkontakte.ru;24/06/1993
3;sbifieldn7@businesswire.com;08/06/1954
3;sdaylyn8@baidu.com;18/06/1984
5;dbrahmsn9@51.la;12/10/1956
3;mtweedellna@ibm.com;11/11/1961
6;ipenkenb@oracle.com;12/04/1945
5;eshotternc@jigsy.com;08/09/1954
4;rguyersnd@examiner.com;06/11/1993
4;ehigganne@discovery.com;23/03/1966
5;lfalkusnf@ovh.net;08/05/1953
3;wisseleeng@ucoz.com;28/03/1996
3;anewshamnh@printfriendly.com;09/09/1978
8;svianni@naver.com;12/08/1951
6;sweymontnj@usatoday.com;02/05/1997
1;ngrubenk@quantcast.com;01/10/1946
8;cpriddeynl@seattletimes.com;26/12/1946
10;jmylchreestnm@scribd.com;13/03/2002
7;cneemnn@tamu.edu;26/11/1996
9;rsidgwickno@unblog.fr;08/09/1987
10;oparissnp@home.pl;23/09/1984
10;rnickollsnq@ow.ly;02/06/1988
3;hfaltskognr@rambler.ru;16/06/2003
5;gbichenons@parallels.com;15/05/1950
8;slavellent@edublogs.org;27/07/1990
6;bkoberanu@cafepress.com;02/12/1973
10;askakunasnv@nps.gov;02/07/1955
4;oglasheennw@msn.com;07/06/1960
9;fensleynx@google.ru;27/02/1984
6;asprigginny@ovh.net;08/01/1999
10;agillinz@time.com;28/05/1999
4;rtolwortho0@moonfruit.com;23/06/1942
5;kgleadleo1@engadget.com;08/11/1951
7;grayero2@bigcartel.com;13/06/1996
8;shawtryo3@linkedin.com;25/05/1955
8;kgothrupo4@reference.com;16/05/2000
7;cnuddo5@google.cn;17/02/1955
3;fbettyo6@eepurl.com;30/03/1958
8;nmattkeo7@eventbrite.com;04/08/1941
6;kelijaho8@mapy.cz;10/02/1966
10;gdeliao9@blogtalkradio.com;03/01/2011
2;kechoa@mediafire.com;13/01/1965
2;lscadeob@linkedin.com;26/08/1992
2;ogreenstedoc@eventbrite.com;19/06/1945
2;dgillionod@npr.org;16/05/1992
9;sdeeganoe@paginegialle.it;10/04/2003
10;fwadmoreof@stumbleupon.com;16/02/1946
4;mpatemanog@sina.com.cn;19/03/1956
6;ericoaldoh@51.la;26/12/2016
2;vbygottoi@example.com;23/12/1969
8;tlampetoj@pen.io;25/07/1974
2;vlanstonok@paginegialle.it;09/11/1977
1;brickaertol@imdb.com;23/05/1941
9;obowermanom@mashable.com;06/01/1969
10;aticksallon@reverbnation.com;08/07/2016
9;wmoulsteroo@zimbio.com;06/03/2008
3;gewingop@seesaa.net;25/09/1988
8;edullaghanoq@networkadvertising.org;30/05/1977
9;kcoyteor@furl.net;03/01/1984
3;ldronsfieldos@facebook.com;23/04/2015
2;hkattenhornot@cnbc.com;30/11/1999
2;adarthou@twitpic.com;08/02/1985
9;atriponyov@over-blog.com;12/05/1972
9;tildenow@narod.ru;12/03/2005
6;wlentox@msn.com;23/06/1992
6;rciccarellioy@qq.com;08/11/2013
10;rchristianoz@sun.com;22/10/1989
6;porrittp0@wufoo.com;24/08/2001
3;agunp1@topsy.com;05/04/1983
4;hcorterp2@tripadvisor.com;08/07/2008
1;mbratcherp3@barnesandnoble.com;27/06/1951
8;bpetrushankop4@photobucket.com;11/06/1989
8;vdavidovitsp5@themeforest.net;26/09/1979
8;sgoodissonp6@ucla.edu;17/05/1966
1;pdorganp7@usatoday.com;08/10/1954
3;cjakawayp8@washingtonpost.com;11/12/1988
6;jpickavantp9@oakley.com;05/09/2010
7;rmbarronpa@army.mil;23/01/1971
4;ogittispb@ucsd.edu;13/10/1951
3;edechelettepc@xrea.com;01/09/2011
8;iadlempd@un.org;14/03/1978
3;ktoplispe@squarespace.com;05/11/2007
3;aheddepf@1688.com;30/05/1951
6;ebuschpg@discovery.com;12/09/1955
8;jmarlorph@youtube.com;07/08/1953
3;jblaymirespi@macromedia.com;05/05/1994
9;kschulkepj@newsvine.com;13/04/1991
10;tblaxlandepk@facebook.com;13/12/1943
5;mcuttelarpl@house.gov;28/08/1984
3;jludgatepm@reference.com;27/11/1956
4;ntriebnerpn@domainmarket.com;03/04/1997
2;krozyckipo@ftc.gov;28/06/1972
9;jginnerpp@reverbnation.com;23/03/1961
7;lhonnanpq@engadget.com;23/09/2019
6;gpeyzerpr@usatoday.com;23/01/2010
9;wradkeps@house.gov;08/03/1984
7;aaleksicpt@fema.gov;09/07/1946
6;hwillsheepu@senate.gov;04/07/2004
1;fkibbyepv@slate.com;11/01/2009
3;mmcterrellypw@sphinn.com;26/02/1956
2;cpeddenpx@wiley.com;25/08/2003
5;dsallingspy@naver.com;16/02/1978
8;gstoterpz@multiply.com;31/07/1945
6;hsidebothamq0@zdnet.com;12/09/1996
4;sryamq1@google.co.uk;24/01/2006
6;lgeorgiadesq2@wufoo.com;24/04/1946
8;bcarmeq3@nature.com;08/09/1944
7;csaylorq4@omniture.com;13/02/2015
7;cdreelanq5@taobao.com;30/09/1941
9;lyukhninq6@latimes.com;05/05/1978
1;tbalmeq7@utexas.edu;03/02/1987
9;ehastyq8@oaic.gov.au;24/06/2006
6;blightbourneq9@com.com;05/10/1950
10;cbattersbyqa@cdbaby.com;08/06/1973
8;tkilbrideqb@youku.com;01/03/1987
10;dtremouilleqc@behance.net;24/05/1973
6;bjoburnqd@squarespace.com;22/01/1973
3;wmonteqe@networkadvertising.org;13/03/1961
2;tbonusqf@storify.com;20/01/1995
2;bstitleqg@virginia.edu;24/06/1965
5;bollivierqh@xrea.com;06/06/1997
2;akivlehanqi@about.com;06/07/1988
9;rlenchenkoqj@pen.io;16/10/1968
4;lhabberghamqk@github.com;06/03/2018
8;fackeryql@livejournal.com;03/03/2015
5;oteresiaqm@home.pl;26/04/1976
5;bdraijerqn@clickbank.net;17/12/1969
10;mclymaqo@barnesandnoble.com;02/02/2015
7;cisgarqp@furl.net;27/08/1969
3;rjeremiahqq@ezinearticles.com;12/12/2007
6;acourtoisqr@free.fr;22/06/1954
3;wbraxtonqs@digg.com;31/01/2017
3;ewooffindenqt@tripod.com;12/04/1976
10;astoterqu@odnoklassniki.ru;31/05/2001
8;awestphalqv@sbwire.com;13/03/1951
8;celpheeqw@dropbox.com;25/11/1993
1;vphizackleaqx@geocities.jp;10/12/1990
8;tvanyukhinqy@mit.edu;11/12/1994
8;rkemingqz@baidu.com;06/07/1947
6;mgalpenr0@mit.edu;07/11/1952
3;jbeisleyr1@dyndns.org;13/10/1962
7;eperrycostr2@t.co;09/06/1977
10;tferenczyr3@tuttocitta.it;31/08/1960
3;bnoycer4@oaic.gov.au;17/08/1957
4;bkneafseyr5@ovh.net;18/03/1986
3;mrichardssonr6@theguardian.com;29/10/1965
1;gsebringr7@ovh.net;12/04/1985
10;dphittiplacer8@va.gov;24/07/1987
3;pbourner9@cargocollective.com;12/07/2018
6;lthriftra@youtu.be;02/12/1952
2;gdonaldsonrb@over-blog.com;27/08/1961
10;fwetherillrc@live.com;15/09/1987
4;ldunkleerd@msn.com;13/08/1975
1;hfurmingerre@angelfire.com;13/06/2015
7;oduigenanrf@slate.com;06/02/1999
8;gwarsaprg@storify.com;14/02/1966
5;thayerh@technorati.com;28/08/1979
3;calthorperi@ehow.com;28/01/1980
6;bhalvosenrj@elpais.com;04/01/1959
8;gbumfordrk@amazon.de;31/01/2003
6;fmeininkingrl@macromedia.com;22/10/1940
9;ahorbathrm@nih.gov;24/05/2002
8;dpietrzykrn@ucsd.edu;02/06/2005
7;skenderro@google.de;17/12/2005
6;aximenezrp@histats.com;30/07/1951
8;jdrohunrq@mtv.com;30/07/1969
2;paberkirderrr@google.it;26/03/2003
